target,source,right,pat,wt,dof,chisq,p,f4rank,Dingo_Ancient_Nullarbor,HighlandWildDog,Papua_Indonesia_518bp,feasible,best,dofdiff,chisqdiff,p_nested,weight_Dingo_Ancient_Nullarbor,weight_HighlandWildDog,weight_Papua_Indonesia_518bp,se_Dingo_Ancient_Nullarbor,se_HighlandWildDog,se_Papua_Indonesia_518bp,z_Dingo_Ancient_Nullarbor,z_HighlandWildDog,z_Papua_Indonesia_518bp,num_sources,num_right,all_above_3,sum_above_3,rank
DO-CO-159148,Dingo_Ancient_Nullarbor|Papua_Indonesia_518bp,CoyoteCalifornia|Russia_Baikal_7k|Germany_7k|Ireland_Neolithic.Newgrange|HighlandWildDog,0,0,3,10.9154089932259,0.0121921965489804,1,0.904196259562331,NA,0.095803740437669,TRUE,NA,NA,NA,NA,0.904196259562331,NA,0.095803740437669,0.02977720133112,NA,0.0297772013311199,30.3653875831964,NA,3.21735207323011,2,5,TRUE,2,1
DO-CO-167767,Dingo_Ancient_Nullarbor|Papua_Indonesia_518bp,CoyoteCalifornia|Russia_Baikal_7k|Germany_7k|Ireland_Neolithic.Newgrange|HighlandWildDog,0,0,3,4.50548736800721,0.211801348600031,1,0.906958974555833,NA,0.0930410254441668,TRUE,NA,NA,NA,NA,0.906958974555833,NA,0.0930410254441668,0.0264629849483286,NA,0.0264629849483287,34.2727389342795,NA,3.51589307199614,2,5,TRUE,2,1
DO-CO-168535,Dingo_Ancient_Nullarbor,CoyoteCalifornia|Russia_Baikal_7k|Germany_7k|Ireland_Neolithic.Newgrange|HighlandWildDog|Papua_Indonesia_518bp,0,0,5,8.97068036763565,0.110239349673612,0,1,NA,NA,TRUE,NA,NA,NA,NA,1,NA,NA,0,NA,NA,Inf,NA,NA,1,6,TRUE,1,1
DO-CO-169117,Dingo_Ancient_Nullarbor|Papua_Indonesia_518bp,CoyoteCalifornia|Russia_Baikal_7k|Germany_7k|Ireland_Neolithic.Newgrange|HighlandWildDog,0,0,3,11.1593233746031,0.0108948239372222,1,0.881045678720221,NA,0.118954321279779,TRUE,NA,NA,NA,NA,0.881045678720221,NA,0.118954321279779,0.0299249170679563,NA,0.0299249170679563,29.4418753682579,NA,3.97509276331983,2,5,TRUE,2,1
DO-CO-170078,Dingo_Ancient_Nullarbor,CoyoteCalifornia|Russia_Baikal_7k|Germany_7k|Ireland_Neolithic.Newgrange|HighlandWildDog|Papua_Indonesia_518bp,0,0,5,6.43199954058386,0.266422310383677,0,1,NA,NA,TRUE,NA,NA,NA,NA,1,NA,NA,1.24409590338765e-13,NA,NA,8037965540092.33,NA,NA,1,6,TRUE,1,1
DO-CO-170282,Dingo_Ancient_Nullarbor,CoyoteCalifornia|Russia_Baikal_7k|Germany_7k|Ireland_Neolithic.Newgrange|HighlandWildDog|Papua_Indonesia_518bp,0,0,5,6.5927629600575,0.252730602737777,0,1,NA,NA,TRUE,NA,NA,NA,NA,1,NA,NA,1.5640612553651e-13,NA,NA,6393611481454.2,NA,NA,1,6,TRUE,1,1
DO-CO-170647,Dingo_Ancient_Nullarbor,CoyoteCalifornia|Russia_Baikal_7k|Germany_7k|Ireland_Neolithic.Newgrange|HighlandWildDog|Papua_Indonesia_518bp,0,0,5,10.3255865062526,0.0665183345150158,0,1,NA,NA,TRUE,NA,NA,NA,NA,1,NA,NA,3.5544633532128e-14,NA,NA,28133642145898.7,NA,NA,1,6,TRUE,1,1
DO-CO-175110,Dingo_Ancient_Nullarbor|Papua_Indonesia_518bp,CoyoteCalifornia|Russia_Baikal_7k|Germany_7k|Ireland_Neolithic.Newgrange|HighlandWildDog,0,0,3,9.22335416045404,0.026464047079396,1,0.851871415972267,NA,0.148128584027733,TRUE,NA,NA,NA,NA,0.851871415972267,NA,0.148128584027733,0.0301747739847802,NA,0.0301747739847802,28.231244297039,NA,4.90902049846163,2,5,TRUE,2,1
Dingo02,Dingo_Ancient_Nullarbor|Papua_Indonesia_518bp,CoyoteCalifornia|Russia_Baikal_7k|Germany_7k|Ireland_Neolithic.Newgrange|HighlandWildDog,0,0,3,2.16267870182079,0.539336863125561,1,0.784219567015506,NA,0.215780432984494,TRUE,NA,NA,NA,NA,0.784219567015506,NA,0.215780432984494,0.0329817056093288,NA,0.0329817056093289,23.7774109169688,NA,6.54242796113795,2,5,TRUE,2,1
Dingo05,Dingo_Ancient_Nullarbor|Papua_Indonesia_518bp,CoyoteCalifornia|Russia_Baikal_7k|Germany_7k|Ireland_Neolithic.Newgrange|HighlandWildDog,0,0,3,2.79236643388744,0.424758080086465,1,0.796961148815584,NA,0.203038851184416,TRUE,NA,NA,NA,NA,0.796961148815584,NA,0.203038851184416,0.0336228443984067,NA,0.0336228443984066,23.7029663336083,NA,6.03871727146433,2,5,TRUE,2,1
Dingo06,Dingo_Ancient_Nullarbor|Papua_Indonesia_518bp,CoyoteCalifornia|Russia_Baikal_7k|Germany_7k|Ireland_Neolithic.Newgrange|HighlandWildDog,0,0,3,1.59705734362809,0.66005723125804,1,0.79332261559307,NA,0.20667738440693,TRUE,NA,NA,NA,NA,0.79332261559307,NA,0.20667738440693,0.0339489049893971,NA,0.033948904989397,23.3681356097005,NA,6.08789545558185,2,5,TRUE,2,1
Dingo07,Dingo_Ancient_Nullarbor,CoyoteCalifornia|Russia_Baikal_7k|Germany_7k|Ireland_Neolithic.Newgrange|HighlandWildDog|Papua_Indonesia_518bp,0,0,5,11.72003729969,0.0388319509162795,0,1,NA,NA,TRUE,NA,NA,NA,NA,1,NA,NA,1.42175563683523e-14,NA,NA,70335574840832.8,NA,NA,1,6,TRUE,1,1
Dingo08,Dingo_Ancient_Nullarbor|Papua_Indonesia_518bp,CoyoteCalifornia|Russia_Baikal_7k|Germany_7k|Ireland_Neolithic.Newgrange|HighlandWildDog,0,0,3,5.43687787369276,0.142463144736903,1,0.810266760779165,NA,0.189733239220835,TRUE,NA,NA,NA,NA,0.810266760779165,NA,0.189733239220835,0.0349973587524064,NA,0.0349973587524065,23.152226044014,NA,5.42135881062133,2,5,TRUE,2,1
Dingo09,Dingo_Ancient_Nullarbor|Papua_Indonesia_518bp,CoyoteCalifornia|Russia_Baikal_7k|Germany_7k|Ireland_Neolithic.Newgrange|HighlandWildDog,0,0,3,2.4778235659927,0.479312196377144,1,0.863757358729349,NA,0.136242641270651,TRUE,NA,NA,NA,NA,0.863757358729349,NA,0.136242641270651,0.030042610841964,NA,0.0300426108419639,28.7510750404835,NA,4.53498006505965,2,5,TRUE,2,1
Dingo10,Dingo_Ancient_Nullarbor,CoyoteCalifornia|Russia_Baikal_7k|Germany_7k|Ireland_Neolithic.Newgrange|HighlandWildDog|Papua_Indonesia_518bp,0,0,5,12.362304465639,0.030146853766733,0,1,NA,NA,TRUE,NA,NA,NA,NA,1,NA,NA,4.54957250436477e-13,NA,NA,2198008711896.82,NA,NA,1,6,TRUE,1,1
Dingo13,Dingo_Ancient_Nullarbor|Papua_Indonesia_518bp,CoyoteCalifornia|Russia_Baikal_7k|Germany_7k|Ireland_Neolithic.Newgrange|HighlandWildDog,0,0,3,3.51371642126051,0.31898749948195,1,0.813318668606633,NA,0.186681331393367,TRUE,NA,NA,NA,NA,0.813318668606633,NA,0.186681331393367,0.0301840597053497,NA,0.0301840597053496,26.9453041289368,NA,6.18476550920289,2,5,TRUE,2,1
Dingo15,Dingo_Ancient_Nullarbor|Papua_Indonesia_518bp,CoyoteCalifornia|Russia_Baikal_7k|Germany_7k|Ireland_Neolithic.Newgrange|HighlandWildDog,0,0,3,2.57849045865762,0.461272931675846,1,0.786179855879156,NA,0.213820144120844,TRUE,NA,NA,NA,NA,0.786179855879156,NA,0.213820144120844,0.0299817588693915,NA,0.0299817588693915,26.2219391231836,NA,7.13167446420677,2,5,TRUE,2,1
Dingo16,Dingo_Ancient_Nullarbor|Papua_Indonesia_518bp,CoyoteCalifornia|Russia_Baikal_7k|Germany_7k|Ireland_Neolithic.Newgrange|HighlandWildDog,0,0,3,4.66703365255309,0.197866458756474,1,0.798159581209768,NA,0.201840418790232,TRUE,NA,NA,NA,NA,0.798159581209768,NA,0.201840418790232,0.0271192335399921,NA,0.0271192335399921,29.4314948109702,NA,7.44270366242405,2,5,TRUE,2,1
Dingo19,Dingo_Ancient_Nullarbor|Papua_Indonesia_518bp,CoyoteCalifornia|Russia_Baikal_7k|Germany_7k|Ireland_Neolithic.Newgrange|HighlandWildDog,0,0,3,0.0351905524500934,0.99826268876812,1,0.852080298674492,NA,0.147919701325509,TRUE,NA,NA,NA,NA,0.852080298674492,NA,0.147919701325509,0.0297042915462309,NA,0.029704291546231,28.6854274019072,NA,4.97974176880436,2,5,TRUE,2,1
Dingo20,Dingo_Ancient_Nullarbor,CoyoteCalifornia|Russia_Baikal_7k|Germany_7k|Ireland_Neolithic.Newgrange|HighlandWildDog|Papua_Indonesia_518bp,0,0,5,9.75076877441456,0.0826130772211691,0,1,NA,NA,TRUE,NA,NA,NA,NA,1,NA,NA,1.13766422497006e-13,NA,NA,8789939755961.96,NA,NA,1,6,TRUE,1,1
Dingo21,Dingo_Ancient_Nullarbor,CoyoteCalifornia|Russia_Baikal_7k|Germany_7k|Ireland_Neolithic.Newgrange|HighlandWildDog|Papua_Indonesia_518bp,0,0,5,8.81740208719543,0.11657279808431,0,1,NA,NA,TRUE,NA,NA,NA,NA,1,NA,NA,3.23464239449452e-13,NA,NA,3091531854346.67,NA,NA,1,6,TRUE,1,1
Dingo22,Dingo_Ancient_Nullarbor|Papua_Indonesia_518bp,CoyoteCalifornia|Russia_Baikal_7k|Germany_7k|Ireland_Neolithic.Newgrange|HighlandWildDog,0,0,3,6.5770409411088,0.0866732162665544,1,0.839998885491184,NA,0.160001114508816,TRUE,NA,NA,NA,NA,0.839998885491184,NA,0.160001114508816,0.0298373854516278,NA,0.0298373854516279,28.1525633957769,NA,5.36243749534318,2,5,TRUE,2,1
Dingo23,Dingo_Ancient_Nullarbor,CoyoteCalifornia|Russia_Baikal_7k|Germany_7k|Ireland_Neolithic.Newgrange|HighlandWildDog|Papua_Indonesia_518bp,0,0,5,14.1935660918315,0.0144255012166931,0,1,NA,NA,TRUE,NA,NA,NA,NA,1,NA,NA,3.91035855740449e-14,NA,NA,25573102448788.1,NA,NA,1,6,TRUE,1,1
Dingo24,Dingo_Ancient_Nullarbor|Papua_Indonesia_518bp,CoyoteCalifornia|Russia_Baikal_7k|Germany_7k|Ireland_Neolithic.Newgrange|HighlandWildDog,0,0,3,1.47866049022555,0.687204163046848,1,0.793181071528771,NA,0.206818928471229,TRUE,NA,NA,NA,NA,0.793181071528771,NA,0.206818928471229,0.0353400336033549,NA,0.035340033603355,22.4442647800276,NA,5.85225613513833,2,5,TRUE,2,1
Dingo25,Dingo_Ancient_Nullarbor|Papua_Indonesia_518bp,CoyoteCalifornia|Russia_Baikal_7k|Germany_7k|Ireland_Neolithic.Newgrange|HighlandWildDog,0,0,3,4.59053977700827,0.204355131171316,1,0.787806764771457,NA,0.212193235228543,TRUE,NA,NA,NA,NA,0.787806764771457,NA,0.212193235228543,0.0332940086336444,NA,0.0332940086336444,23.6621181138086,NA,6.37331591889228,2,5,TRUE,2,1
Dingo26,Dingo_Ancient_Nullarbor|Papua_Indonesia_518bp,CoyoteCalifornia|Russia_Baikal_7k|Germany_7k|Ireland_Neolithic.Newgrange|HighlandWildDog,0,0,3,1.70093180705921,0.636726653471627,1,0.849962708144458,NA,0.150037291855542,TRUE,NA,NA,NA,NA,0.849962708144458,NA,0.150037291855542,0.0350716098688066,NA,0.0350716098688066,24.2350639541195,NA,4.27802694021719,2,5,TRUE,2,1
Dingo27,Dingo_Ancient_Nullarbor|Papua_Indonesia_518bp,CoyoteCalifornia|Russia_Baikal_7k|Germany_7k|Ireland_Neolithic.Newgrange|HighlandWildDog,0,0,3,8.90879401135551,0.0305284222652201,1,0.746001594979488,NA,0.253998405020512,TRUE,NA,NA,NA,NA,0.746001594979488,NA,0.253998405020512,0.0326230898370355,NA,0.0326230898370355,22.867288129544,NA,7.78584757879553,2,5,TRUE,2,1
Dingo28,Dingo_Ancient_Nullarbor|Papua_Indonesia_518bp,CoyoteCalifornia|Russia_Baikal_7k|Germany_7k|Ireland_Neolithic.Newgrange|HighlandWildDog,0,0,3,7.44153797112469,0.0590797726738753,1,0.785506154033165,NA,0.214493845966835,TRUE,NA,NA,NA,NA,0.785506154033165,NA,0.214493845966835,0.0381685222401126,NA,0.0381685222401127,20.5799467187034,NA,5.61965288091284,2,5,TRUE,2,1
Dingo29,Dingo_Ancient_Nullarbor|Papua_Indonesia_518bp,CoyoteCalifornia|Russia_Baikal_7k|Germany_7k|Ireland_Neolithic.Newgrange|HighlandWildDog,0,0,3,5.76142208016081,0.123812407354706,1,0.780237915923238,NA,0.219762084076762,TRUE,NA,NA,NA,NA,0.780237915923238,NA,0.219762084076762,0.0330869691507342,NA,0.0330869691507343,23.5814260402248,NA,6.64195269973482,2,5,TRUE,2,1
Dingo30,Dingo_Ancient_Nullarbor|Papua_Indonesia_518bp,CoyoteCalifornia|Russia_Baikal_7k|Germany_7k|Ireland_Neolithic.Newgrange|HighlandWildDog,0,0,3,5.25141098870563,0.154286513508408,1,0.858972095492665,NA,0.141027904507335,TRUE,NA,NA,NA,NA,0.858972095492665,NA,0.141027904507335,0.042145886412812,NA,0.042145886412812,20.380923705796,NA,3.3461843257012,2,5,TRUE,2,1
Dingo31,Dingo_Ancient_Nullarbor|Papua_Indonesia_518bp,CoyoteCalifornia|Russia_Baikal_7k|Germany_7k|Ireland_Neolithic.Newgrange|HighlandWildDog,0,0,3,9.22108513653303,0.0264913737887047,1,0.897502693381424,NA,0.102497306618576,TRUE,NA,NA,NA,NA,0.897502693381424,NA,0.102497306618576,0.030346017320776,NA,0.030346017320776,29.5756337279542,NA,3.3776197230469,2,5,TRUE,2,1
Dingo_Alpine_Cooinda,Dingo_Ancient_Nullarbor|Papua_Indonesia_518bp,CoyoteCalifornia|Russia_Baikal_7k|Germany_7k|Ireland_Neolithic.Newgrange|HighlandWildDog,0,0,3,4.95800784014526,0.174897967463408,1,0.854608855960805,NA,0.145391144039195,TRUE,NA,NA,NA,NA,0.854608855960805,NA,0.145391144039195,0.0276930366679644,NA,0.0276930366679645,30.8600629901099,NA,5.25009755276801,2,5,TRUE,2,1
Dingo_Ancient_Curracurrang_D10,Dingo_Ancient_Nullarbor|Papua_Indonesia_518bp,CoyoteCalifornia|Russia_Baikal_7k|Germany_7k|Ireland_Neolithic.Newgrange|HighlandWildDog,0,0,3,1.39015179292162,0.707844820979144,1,0.847544054766612,NA,0.152455945233388,TRUE,NA,NA,NA,NA,0.847544054766612,NA,0.152455945233388,0.0518968857285673,NA,0.0518968857285673,16.3313085721456,NA,2.93767040339892,2,5,TRUE,2,1
Dingo_Ancient_Curracurrang_D13,Dingo_Ancient_Nullarbor|Papua_Indonesia_518bp,CoyoteCalifornia|Russia_Baikal_7k|Germany_7k|Ireland_Neolithic.Newgrange|HighlandWildDog,0,0,3,7.19113158168161,0.0660489439613375,1,0.682427122842476,NA,0.317572877157524,TRUE,NA,NA,NA,NA,0.682427122842476,NA,0.317572877157524,0.0344753789970689,NA,0.0344753789970689,19.7946227915434,NA,9.21158480040274,2,5,TRUE,2,1
Dingo_Ancient_Nullarbor_1227,Dingo_Ancient_Nullarbor,CoyoteCalifornia|Russia_Baikal_7k|Germany_7k|Ireland_Neolithic.Newgrange|HighlandWildDog|Papua_Indonesia_518bp,0,0,5,13.3795757984992,0.0200698621015435,0,1,NA,NA,TRUE,NA,NA,NA,NA,1,NA,NA,2.4169562905148e-13,NA,NA,4137435186248.26,NA,NA,1,6,TRUE,1,1
Dingo_Ancient_Nullarbor_276,Dingo_Ancient_Nullarbor,CoyoteCalifornia|Russia_Baikal_7k|Germany_7k|Ireland_Neolithic.Newgrange|HighlandWildDog|Papua_Indonesia_518bp,0,0,5,14.8402560035395,0.0110671577550684,0,1,NA,NA,TRUE,NA,NA,NA,NA,1,NA,NA,2.4169562905148e-13,NA,NA,4137435186248.26,NA,NA,1,6,TRUE,1,1
Dingo_Ancient_Nullarbor_615,Dingo_Ancient_Nullarbor,CoyoteCalifornia|Russia_Baikal_7k|Germany_7k|Ireland_Neolithic.Newgrange|HighlandWildDog|Papua_Indonesia_518bp,0,0,5,10.0437958104749,0.0740037796459121,0,1,NA,NA,TRUE,NA,NA,NA,NA,1,NA,NA,2.4169562905148e-13,NA,NA,4137435186248.26,NA,NA,1,6,TRUE,1,1
Dingo_Ancient_Nullarbor_639,Dingo_Ancient_Nullarbor,CoyoteCalifornia|Russia_Baikal_7k|Germany_7k|Ireland_Neolithic.Newgrange|HighlandWildDog|Papua_Indonesia_518bp,0,0,5,7.56479681096396,0.181907836289649,0,1,NA,NA,TRUE,NA,NA,NA,NA,1,NA,NA,2.4169562905148e-13,NA,NA,4137435186248.26,NA,NA,1,6,TRUE,1,1
Dingo_Desert_Sandy,Dingo_Ancient_Nullarbor,CoyoteCalifornia|Russia_Baikal_7k|Germany_7k|Ireland_Neolithic.Newgrange|HighlandWildDog|Papua_Indonesia_518bp,0,0,5,11.7053690256454,0.0390557059694556,0,1,NA,NA,TRUE,NA,NA,NA,NA,1,NA,NA,1.27959643369217e-13,NA,NA,7814963950115,NA,NA,1,6,TRUE,1,1
Dingo_FraserIsland_D02,Dingo_Ancient_Nullarbor|Papua_Indonesia_518bp,CoyoteCalifornia|Russia_Baikal_7k|Germany_7k|Ireland_Neolithic.Newgrange|HighlandWildDog,0,0,3,6.23260667834328,0.100825811804643,1,0.792921211193148,NA,0.207078788806852,TRUE,NA,NA,NA,NA,0.792921211193148,NA,0.207078788806852,0.0306148458917002,NA,0.0306148458917001,25.899892294023,NA,6.76399905912941,2,5,TRUE,2,1
Dingo_FraserIsland_E56,Dingo_Ancient_Nullarbor|Papua_Indonesia_518bp,CoyoteCalifornia|Russia_Baikal_7k|Germany_7k|Ireland_Neolithic.Newgrange|HighlandWildDog,0,0,3,10.0532825687898,0.0181186018887935,1,0.785769590180018,NA,0.214230409819982,TRUE,NA,NA,NA,NA,0.785769590180018,NA,0.214230409819982,0.028632150734067,NA,0.0286321507340669,27.4436104181688,NA,7.48216268521831,2,5,TRUE,2,1
Dingo_FraserIsland_Y07,Dingo_Ancient_Nullarbor|Papua_Indonesia_518bp,CoyoteCalifornia|Russia_Baikal_7k|Germany_7k|Ireland_Neolithic.Newgrange|HighlandWildDog,0,0,3,6.50224003085174,0.0895742045585543,1,0.832644012176131,NA,0.167355987823869,TRUE,NA,NA,NA,NA,0.832644012176131,NA,0.167355987823869,0.0319182005750146,NA,0.0319182005750146,26.0868093180641,NA,5.24327765378085,2,5,TRUE,2,1
Dingo_FraserIsland_Y47,Dingo_Ancient_Nullarbor|Papua_Indonesia_518bp,CoyoteCalifornia|Russia_Baikal_7k|Germany_7k|Ireland_Neolithic.Newgrange|HighlandWildDog,0,0,3,10.8392108077666,0.0126278677240402,1,0.763507050711881,NA,0.236492949288119,TRUE,NA,NA,NA,NA,0.763507050711881,NA,0.236492949288119,0.0269967577029789,NA,0.0269967577029788,28.2814350935051,NA,8.76005007305097,2,5,TRUE,2,1
Dingo_Gibson_Desert_D08,Dingo_Ancient_Nullarbor,CoyoteCalifornia|Russia_Baikal_7k|Germany_7k|Ireland_Neolithic.Newgrange|HighlandWildDog|Papua_Indonesia_518bp,0,0,5,7.76890766422575,0.169439878449452,0,1,NA,NA,TRUE,NA,NA,NA,NA,1,NA,NA,3.98105045979374e-13,NA,NA,2511899836737.59,NA,NA,1,6,TRUE,1,1
Dingo_Northern_Queensland_D04,Dingo_Ancient_Nullarbor|Papua_Indonesia_518bp,CoyoteCalifornia|Russia_Baikal_7k|Germany_7k|Ireland_Neolithic.Newgrange|HighlandWildDog,0,0,3,6.39641632016606,0.0938383322631248,1,0.776426493500896,NA,0.223573506499104,TRUE,NA,NA,NA,NA,0.776426493500896,NA,0.223573506499104,0.0279310695709841,NA,0.0279310695709841,27.7979506487456,NA,8.0044735104366,2,5,TRUE,2,1
Dingo_Northern_Queensland_D10,Dingo_Ancient_Nullarbor|Papua_Indonesia_518bp,CoyoteCalifornia|Russia_Baikal_7k|Germany_7k|Ireland_Neolithic.Newgrange|HighlandWildDog,0,0,3,5.126792753814,0.162744737286845,1,0.810128703214909,NA,0.189871296785091,TRUE,NA,NA,NA,NA,0.810128703214909,NA,0.189871296785091,0.0261262668332666,NA,0.0261262668332667,31.0082075018606,NA,7.26744842639851,2,5,TRUE,2,1
Dingo_Northern_Territory_D06,Dingo_Ancient_Nullarbor,CoyoteCalifornia|Russia_Baikal_7k|Germany_7k|Ireland_Neolithic.Newgrange|HighlandWildDog|Papua_Indonesia_518bp,0,0,5,6.23945290887362,0.283611495371644,0,1,NA,NA,TRUE,NA,NA,NA,NA,1,NA,NA,3.19922809285856e-13,NA,NA,3125753997447.81,NA,NA,1,6,TRUE,1,1
Dingo_Simpson_Desert_D03,Dingo_Ancient_Nullarbor,CoyoteCalifornia|Russia_Baikal_7k|Germany_7k|Ireland_Neolithic.Newgrange|HighlandWildDog|Papua_Indonesia_518bp,0,0,5,14.2681626168681,0.0139928117442927,0,1,NA,NA,TRUE,NA,NA,NA,NA,1,NA,NA,1.38625232843198e-13,NA,NA,7213693924908.5,NA,NA,1,6,TRUE,1,1
Elly01,Dingo_Ancient_Nullarbor|Papua_Indonesia_518bp,CoyoteCalifornia|Russia_Baikal_7k|Germany_7k|Ireland_Neolithic.Newgrange|HighlandWildDog,0,0,3,0.489400331565032,0.921213864872334,1,0.788797126071775,NA,0.211202873928225,TRUE,NA,NA,NA,NA,0.788797126071775,NA,0.211202873928225,0.036695843964705,NA,0.0366958439647051,21.495543932181,NA,5.7554984736518,2,5,TRUE,2,1
Gatton.838bp,Dingo_Ancient_Nullarbor|Papua_Indonesia_518bp,CoyoteCalifornia|Russia_Baikal_7k|Germany_7k|Ireland_Neolithic.Newgrange|HighlandWildDog,0,0,3,4.62258734615412,0.201612966473911,1,0.797634215190603,NA,0.202365784809398,TRUE,NA,NA,NA,NA,0.797634215190603,NA,0.202365784809398,0.040323081837933,NA,0.040323081837933,19.7810826661629,NA,5.01860908406626,2,5,TRUE,2,1
HF014,Dingo_Ancient_Nullarbor|Papua_Indonesia_518bp,CoyoteCalifornia|Russia_Baikal_7k|Germany_7k|Ireland_Neolithic.Newgrange|HighlandWildDog,0,0,3,4.20824656098675,0.239837543954468,1,0.830079018359065,NA,0.169920981640935,TRUE,NA,NA,NA,NA,0.830079018359065,NA,0.169920981640935,0.0304437650559201,NA,0.0304437650559201,27.2659776750461,NA,5.58147066661494,2,5,TRUE,2,1
HF081,Dingo_Ancient_Nullarbor|Papua_Indonesia_518bp,CoyoteCalifornia|Russia_Baikal_7k|Germany_7k|Ireland_Neolithic.Newgrange|HighlandWildDog,0,0,3,1.17953261417927,0.757917304988835,1,0.769255419217388,NA,0.230744580782612,TRUE,NA,NA,NA,NA,0.769255419217388,NA,0.230744580782612,0.0315469675189998,NA,0.0315469675189998,24.3844489570698,NA,7.31431890065634,2,5,TRUE,2,1
HF145,Dingo_Ancient_Nullarbor|Papua_Indonesia_518bp,CoyoteCalifornia|Russia_Baikal_7k|Germany_7k|Ireland_Neolithic.Newgrange|HighlandWildDog,0,0,3,2.35433103920915,0.502192494967857,1,0.81268828576525,NA,0.18731171423475,TRUE,NA,NA,NA,NA,0.81268828576525,NA,0.18731171423475,0.037315746700808,NA,0.037315746700808,21.7786955271527,NA,5.01964266551026,2,5,TRUE,2,1
HF154,Dingo_Ancient_Nullarbor|Papua_Indonesia_518bp,CoyoteCalifornia|Russia_Baikal_7k|Germany_7k|Ireland_Neolithic.Newgrange|HighlandWildDog,0,0,3,2.17997826250169,0.535902788445564,1,0.838449946294077,NA,0.161550053705923,TRUE,NA,NA,NA,NA,0.838449946294077,NA,0.161550053705923,0.0327705520960916,NA,0.0327705520960916,25.5854690465857,NA,4.92973243881327,2,5,TRUE,2,1
McEachernCave.1468bp,Dingo_Ancient_Nullarbor|Papua_Indonesia_518bp,CoyoteCalifornia|Russia_Baikal_7k|Germany_7k|Ireland_Neolithic.Newgrange|HighlandWildDog,0,0,3,2.68619013017921,0.442579240828176,1,0.73570122522158,NA,0.26429877477842,TRUE,NA,NA,NA,NA,0.73570122522158,NA,0.26429877477842,0.0606330244232268,NA,0.0606330244232268,12.1336719093259,NA,4.35899045598614,2,5,TRUE,2,1
MtGambier.724bp,Dingo_Ancient_Nullarbor|Papua_Indonesia_518bp,CoyoteCalifornia|Russia_Baikal_7k|Germany_7k|Ireland_Neolithic.Newgrange|HighlandWildDog,0,0,3,6.23006343753277,0.100938135376518,1,0.741554622474717,NA,0.258445377525283,TRUE,NA,NA,NA,NA,0.741554622474717,NA,0.258445377525283,0.0444980266880255,NA,0.0444980266880256,16.66488780893,NA,5.80801884400934,2,5,TRUE,2,1
ND0413,Dingo_Ancient_Nullarbor|Papua_Indonesia_518bp,CoyoteCalifornia|Russia_Baikal_7k|Germany_7k|Ireland_Neolithic.Newgrange|HighlandWildDog,0,0,3,5.84891236673367,0.119196863343779,1,0.845147605533828,NA,0.154852394466172,TRUE,NA,NA,NA,NA,0.845147605533828,NA,0.154852394466172,0.0355312501398028,NA,0.0355312501398028,23.7860362978638,NA,4.35820281743207,2,5,TRUE,2,1
ND0934,Dingo_Ancient_Nullarbor|Papua_Indonesia_518bp,CoyoteCalifornia|Russia_Baikal_7k|Germany_7k|Ireland_Neolithic.Newgrange|HighlandWildDog,0,0,3,8.73449919653032,0.0330372892723457,1,0.863552545539755,NA,0.136447454460245,TRUE,NA,NA,NA,NA,0.863552545539755,NA,0.136447454460245,0.0255848116185392,NA,0.0255848116185391,33.7525465661044,NA,5.33314282296193,2,5,TRUE,2,1
ND1006,Dingo_Ancient_Nullarbor|Papua_Indonesia_518bp,CoyoteCalifornia|Russia_Baikal_7k|Germany_7k|Ireland_Neolithic.Newgrange|HighlandWildDog,0,0,3,6.30809303407233,0.0975459757129212,1,0.828399673768003,NA,0.171600326231997,TRUE,NA,NA,NA,NA,0.828399673768003,NA,0.171600326231997,0.0390652842191501,NA,0.0390652842191501,21.2055202035856,NA,4.39265526059777,2,5,TRUE,2,1
ND1009,Dingo_Ancient_Nullarbor|Papua_Indonesia_518bp,CoyoteCalifornia|Russia_Baikal_7k|Germany_7k|Ireland_Neolithic.Newgrange|HighlandWildDog,0,0,3,6.66318333061112,0.0834444007645044,1,0.822829479345064,NA,0.177170520654936,TRUE,NA,NA,NA,NA,0.822829479345064,NA,0.177170520654936,0.0344301584738253,NA,0.0344301584738254,23.8985097896253,NA,5.14579451586392,2,5,TRUE,2,1
ND1012,Dingo_Ancient_Nullarbor|Papua_Indonesia_518bp,CoyoteCalifornia|Russia_Baikal_7k|Germany_7k|Ireland_Neolithic.Newgrange|HighlandWildDog,0,0,3,6.37528202929528,0.0947129914929366,1,0.816188467573196,NA,0.183811532426804,TRUE,NA,NA,NA,NA,0.816188467573196,NA,0.183811532426804,0.0344281966817878,NA,0.0344281966817878,23.7069770199423,NA,5.33898229191999,2,5,TRUE,2,1
ND1034,Dingo_Ancient_Nullarbor|Papua_Indonesia_518bp,CoyoteCalifornia|Russia_Baikal_7k|Germany_7k|Ireland_Neolithic.Newgrange|HighlandWildDog,0,0,3,1.19329644491602,0.754612546102658,1,0.852361175547559,NA,0.147638824452441,TRUE,NA,NA,NA,NA,0.852361175547559,NA,0.147638824452441,0.0271664272546156,NA,0.0271664272546157,31.3755344992132,NA,5.4346058489291,2,5,TRUE,2,1
ND1099,Dingo_Ancient_Nullarbor|Papua_Indonesia_518bp,CoyoteCalifornia|Russia_Baikal_7k|Germany_7k|Ireland_Neolithic.Newgrange|HighlandWildDog,0,0,3,1.249861305959,0.741072001306089,1,0.799170942210254,NA,0.200829057789746,TRUE,NA,NA,NA,NA,0.799170942210254,NA,0.200829057789746,0.035746870054308,NA,0.0357468700543079,22.3563892725747,NA,5.61808789090177,2,5,TRUE,2,1
ND1304,Dingo_Ancient_Nullarbor|Papua_Indonesia_518bp,CoyoteCalifornia|Russia_Baikal_7k|Germany_7k|Ireland_Neolithic.Newgrange|HighlandWildDog,0,0,3,2.91018931526118,0.405680496133577,1,0.771042085977778,NA,0.228957914022222,TRUE,NA,NA,NA,NA,0.771042085977778,NA,0.228957914022222,0.0280438499865075,NA,0.0280438499865076,27.4941595518712,NA,8.16428251229334,2,5,TRUE,2,1
ND1602,Dingo_Ancient_Nullarbor,CoyoteCalifornia|Russia_Baikal_7k|Germany_7k|Ireland_Neolithic.Newgrange|HighlandWildDog|Papua_Indonesia_518bp,0,0,5,4.69395538700743,0.454359338259913,0,1,NA,NA,TRUE,NA,NA,NA,NA,1,NA,NA,6.04259063311827e-14,NA,NA,16549193230453.1,NA,NA,1,6,TRUE,1,1
ND1603,Dingo_Ancient_Nullarbor,CoyoteCalifornia|Russia_Baikal_7k|Germany_7k|Ireland_Neolithic.Newgrange|HighlandWildDog|Papua_Indonesia_518bp,0,0,5,7.77883386212909,0.168853128242413,0,1,NA,NA,TRUE,NA,NA,NA,NA,1,NA,NA,2.06154384382329e-13,NA,NA,4850733604313.87,NA,NA,1,6,TRUE,1,1
ND1644,Dingo_Ancient_Nullarbor|Papua_Indonesia_518bp,CoyoteCalifornia|Russia_Baikal_7k|Germany_7k|Ireland_Neolithic.Newgrange|HighlandWildDog,0,0,3,2.45744493321011,0.483030848758777,1,0.894757252803623,NA,0.105242747196378,TRUE,NA,NA,NA,NA,0.894757252803623,NA,0.105242747196378,0.0274664408620008,NA,0.0274664408620009,32.5763813848011,NA,3.83168491779283,2,5,TRUE,2,1
ND1782,Dingo_Ancient_Nullarbor|Papua_Indonesia_518bp,CoyoteCalifornia|Russia_Baikal_7k|Germany_7k|Ireland_Neolithic.Newgrange|HighlandWildDog,0,0,3,4.64664319511462,0.199577119899076,1,0.854003086865311,NA,0.145996913134689,TRUE,NA,NA,NA,NA,0.854003086865311,NA,0.145996913134689,0.0359399178404359,NA,0.0359399178404359,23.7619654740689,NA,4.06224949603052,2,5,TRUE,2,1
Nunderah.983bp,Dingo_Ancient_Nullarbor|Papua_Indonesia_518bp,CoyoteCalifornia|Russia_Baikal_7k|Germany_7k|Ireland_Neolithic.Newgrange|HighlandWildDog,0,0,3,1.02490611140919,0.795225714771624,1,0.742629643930417,NA,0.257370356069583,TRUE,NA,NA,NA,NA,0.742629643930417,NA,0.257370356069583,0.0330116300733477,NA,0.0330116300733477,22.4960004180462,NA,7.79635405757723,2,5,TRUE,2,1
TowerHill.460bp,Dingo_Ancient_Nullarbor|Papua_Indonesia_518bp,CoyoteCalifornia|Russia_Baikal_7k|Germany_7k|Ireland_Neolithic.Newgrange|HighlandWildDog,0,0,3,1.43378280547297,0.697635309385436,1,0.745433934484511,NA,0.254566065515488,TRUE,NA,NA,NA,NA,0.745433934484511,NA,0.254566065515488,0.0650295456080668,NA,0.0650295456080669,11.4630038932956,NA,3.91462162521876,2,5,TRUE,2,1
WA0021,Dingo_Ancient_Nullarbor,CoyoteCalifornia|Russia_Baikal_7k|Germany_7k|Ireland_Neolithic.Newgrange|HighlandWildDog|Papua_Indonesia_518bp,0,0,5,12.4296371169325,0.0293521679358209,0,1,NA,NA,TRUE,NA,NA,NA,NA,1,NA,NA,3.94547559518267e-13,NA,NA,2534548689696.56,NA,NA,1,6,TRUE,1,1
WA0517,Dingo_Ancient_Nullarbor,CoyoteCalifornia|Russia_Baikal_7k|Germany_7k|Ireland_Neolithic.Newgrange|HighlandWildDog|Papua_Indonesia_518bp,0,0,5,9.28313563558587,0.0982899398014427,0,1,NA,NA,TRUE,NA,NA,NA,NA,1,NA,NA,2.02605805630362e-13,NA,NA,4935692720594.69,NA,NA,1,6,TRUE,1,1
WA0741,Dingo_Ancient_Nullarbor,CoyoteCalifornia|Russia_Baikal_7k|Germany_7k|Ireland_Neolithic.Newgrange|HighlandWildDog|Papua_Indonesia_518bp,0,0,5,12.2522259039872,0.0314904673771591,0,1,NA,NA,TRUE,NA,NA,NA,NA,1,NA,NA,3.94547559518267e-13,NA,NA,2534548689696.56,NA,NA,1,6,TRUE,1,1
di0678,Dingo_Ancient_Nullarbor|Papua_Indonesia_518bp,CoyoteCalifornia|Russia_Baikal_7k|Germany_7k|Ireland_Neolithic.Newgrange|HighlandWildDog,0,0,3,1.41738109275412,0.701465611976271,1,0.824809265969121,NA,0.175190734030879,TRUE,NA,NA,NA,NA,0.824809265969121,NA,0.175190734030879,0.030359207208719,NA,0.030359207208719,27.1683400787963,NA,5.77059647264324,2,5,TRUE,2,1
di0794,Dingo_Ancient_Nullarbor|Papua_Indonesia_518bp,CoyoteCalifornia|Russia_Baikal_7k|Germany_7k|Ireland_Neolithic.Newgrange|HighlandWildDog,0,0,3,0.962420355756556,0.810344040053976,1,0.809407967328522,NA,0.190592032671478,TRUE,NA,NA,NA,NA,0.809407967328522,NA,0.190592032671478,0.0291823406890356,NA,0.0291823406890356,27.7362249983133,NA,6.5310742103387,2,5,TRUE,2,1
di1085,Dingo_Ancient_Nullarbor,CoyoteCalifornia|Russia_Baikal_7k|Germany_7k|Ireland_Neolithic.Newgrange|HighlandWildDog|Papua_Indonesia_518bp,0,0,5,3.79685572390244,0.579018628628858,0,1,NA,NA,TRUE,NA,NA,NA,NA,1,NA,NA,1.99047593014751e-13,NA,NA,5023924102040.72,NA,NA,1,6,TRUE,1,1
di1436,Dingo_Ancient_Nullarbor|Papua_Indonesia_518bp,CoyoteCalifornia|Russia_Baikal_7k|Germany_7k|Ireland_Neolithic.Newgrange|HighlandWildDog,0,0,3,8.56541103936377,0.0356634058250114,1,0.792044763996668,NA,0.207955236003332,TRUE,NA,NA,NA,NA,0.792044763996668,NA,0.207955236003332,0.0357569791839569,NA,0.0357569791839568,22.1507739767915,NA,5.81579430783224,2,5,TRUE,2,1
di1522,Dingo_Ancient_Nullarbor|Papua_Indonesia_518bp,CoyoteCalifornia|Russia_Baikal_7k|Germany_7k|Ireland_Neolithic.Newgrange|HighlandWildDog,0,0,3,3.68960454516374,0.296990737053736,1,0.882296421234985,NA,0.117703578765015,TRUE,NA,NA,NA,NA,0.882296421234985,NA,0.117703578765015,0.0274474897567607,NA,0.0274474897567607,32.1448857091809,NA,4.28831852413836,2,5,TRUE,2,1
wdi0817,Dingo_Ancient_Nullarbor|Papua_Indonesia_518bp,CoyoteCalifornia|Russia_Baikal_7k|Germany_7k|Ireland_Neolithic.Newgrange|HighlandWildDog,0,0,3,2.03899231085045,0.564353273940715,1,0.950370607639341,NA,0.0496293923606588,TRUE,NA,NA,NA,NA,0.950370607639341,NA,0.0496293923606588,0.0255134337410819,NA,0.0255134337410819,37.249811894549,NA,1.945225909782,2,5,FALSE,1,1
wdi0828,Dingo_Ancient_Nullarbor,CoyoteCalifornia|Russia_Baikal_7k|Germany_7k|Ireland_Neolithic.Newgrange|HighlandWildDog|Papua_Indonesia_518bp,0,0,5,8.46316157189695,0.132489817918905,0,1,NA,NA,TRUE,NA,NA,NA,NA,1,NA,NA,3.48335240770977e-13,NA,NA,2870797676935.24,NA,NA,1,6,TRUE,1,1
wdi0964,Dingo_Ancient_Nullarbor,CoyoteCalifornia|Russia_Baikal_7k|Germany_7k|Ireland_Neolithic.Newgrange|HighlandWildDog|Papua_Indonesia_518bp,0,0,5,11.9577609265474,0.0353711596460845,0,1,NA,NA,TRUE,NA,NA,NA,NA,1,NA,NA,2.95030883403717e-13,NA,NA,3389475665947.87,NA,NA,1,6,TRUE,1,1
